<configuration>
    <include resource="org/springframework/boot/logging/logback/defaults.xml"/>
    <include resource="org/springframework/boot/logging/logback/console-appender.xml"/>

    <property name="DEV_HOME" value="./logs" />
    <property name="PROD_HOME" value="c:/logs" />

    <appender name="FILE_AUDIT"
              class="ch.qos.logback.core.rolling.RollingFileAppender">
        <file>${DEV_HOME}/application.log</file>
        <encoder class="ch.qos.logback.classic.encoder.PatternLayoutEncoder">
            <Pattern>
                %d{yyyy-MM-dd HH:mm:ss} %d{ISO8601} %-5level [%thread] %logger{36}: %class{0}::%method:%line - %msg %n
            </Pattern>
        </encoder>

        <rollingPolicy class="ch.qos.logback.core.rolling.TimeBasedRollingPolicy">
            <!-- rollover daily -->
            <fileNamePattern>${DEV_HOME}/archived/backup.%d{yyyy-MM-dd}.%i.gz
            </fileNamePattern>
            <timeBasedFileNamingAndTriggeringPolicy
                    class="ch.qos.logback.core.rolling.SizeAndTimeBasedFNATP">
                <maxFileSize>100MB</maxFileSize>
            </timeBasedFileNamingAndTriggeringPolicy>
        </rollingPolicy>
    </appender>

    <logger name="com.reatent.demo" level="INFO" additivity="false">
        <appender-ref ref="CONSOLE"/>
        <appender-ref ref="FILE_AUDIT"/>
    </logger>
    <root level="INFO">
        <appender-ref ref="CONSOLE"/>
        <appender-ref ref="FILE_AUDIT"/>
    </root>
</configuration>